cell_id,policy_readable,cycle_life,수명_구간,log10_var,qd_max_minus_2,log10_var_범위,qd_max_minus_2_범위,Ridge_예측,오차%,|오차%|,DecisionTree_예측,XGBoost_예측,log10_var_단일_예측
b3c0,5C(67%)-4C-newstructure,1009.0,"534~1,074",-4.244680358543627,0.0039160999999998,아래,안,1252.84075160257,24.166575976468778,24.166575976468778,872.0994782173105,947.55817,1027.4402518970846
b3c1,5.3C(54%)-4C-newstructure,1063.0,"534~1,074",-4.285108198625103,0.0036795999999998,아래,안,1320.1438575799325,24.19039111758537,24.19039111758537,872.0994782173105,947.55817,1054.0300074806148
b3c10,4.8C(80%)-4.8C-newstructure,1078.0,">1,074",-4.410921412252559,0.0032262,아래,안,1526.874316281141,41.63954696485539,41.63954696485539,872.0994782173105,947.55817,1141.2622609355612
b3c11,5.6C(19%)-4.6C-newstructure,817.0,"534~1,074",-3.884486652694074,0.0026927999999999,안,아래,964.4637603894108,18.049419876304874,18.049419876304874,872.0994782173105,886.6155,818.2625907273847
b3c12,5.6C(36%)-4.3C-newstructure,932.0,"534~1,074",-3.946355465036171,0.0027776999999999,안,아래,1016.5794961947043,9.075053239775146,9.075053239775146,872.0994782173105,886.6155,850.8913121162332
b3c13,5.6C(19%)-4.6C-newstructure,816.0,"534~1,074",-4.094031973537554,0.0040866999999999,안,안,1076.9008111174123,31.973138617329944,31.973138617329944,872.0994782173105,947.55817,934.1303465709509
b3c14,5.6C(36%)-4.3C-newstructure,858.0,"534~1,074",-3.9992331831677137,0.0050386,안,안,929.577100425667,8.34231939693089,8.34231939693089,872.0994782173105,886.78436,879.8074978858554
b3c15,5.9C(15%)-4.6C-newstructure,876.0,"534~1,074",-4.00024991015545,0.0028586999999999,안,아래,1063.8073474563773,21.439194915111567,21.439194915111567,872.0994782173105,886.6155,880.3730189265489
b3c16,4.8C(80%)-4.8C-newstructure,1638.0,">1,074",-4.694078987698978,0.0033308999999999,아래,안,1976.8826116634934,20.688804130860404,20.688804130860404,872.0994782173105,947.55817,1364.9127965846872
b3c17,5.3C(54%)-4C-newstructure,1315.0,">1,074",-4.43927856799074,0.0025995999999999,아래,아래,1629.4324107658274,23.911209944169386,23.911209944169386,872.0994782173105,947.55817,1161.9000328322074
b3c18,5.6C(19%)-4.6C-newstructure,1146.0,">1,074",-4.2536174894114485,0.0021301,아래,아래,1409.8705061791147,23.025349579329383,23.025349579329383,872.0994782173105,947.55817,1033.2599304074013
b3c19,5.6C(36%)-4.3C-newstructure,1155.0,">1,074",-4.171507362895025,0.0019749,아래,아래,1318.1988359632262,14.129769347465471,14.129769347465471,872.0994782173105,947.55817,981.0078363019245
b3c2,5.6C(19%)-4.6C-newstructure,1267.0,">1,074",-4.778946078146963,0.0023956999999998,아래,아래,2266.694442473988,78.90248164751287,78.90248164751287,872.0994782173105,947.55817,1440.1201673528499
b3c20,5C(67%)-4C-newstructure,813.0,"534~1,074",-4.065910181495544,0.0030607,안,아래,1117.2063019527286,37.4177493176788,37.4177493176788,872.0994782173105,947.55817,917.6747340099148
b3c21,3.7C(31%)-5.9C-newstructure,772.0,"534~1,074",-3.7038921739552135,0.0008403999999999,안,아래,912.819576762814,18.240877819017356,18.240877819017356,666.9872496948791,673.6188,730.0022041479868
b3c22,5.9C(60%)-3.1C-newstructure,1002.0,"534~1,074",-4.046387885320449,0.0028445999999999,안,아래,1111.6619261353892,10.944304005527863,10.944304005527863,872.0994782173105,947.55817,906.4219376239138
b3c24,5C(67%)-4C-newstructure,825.0,"534~1,074",-4.154820483102516,0.0048557,아래,안,1087.2743359450076,31.79082859939486,31.79082859939486,872.0994782173105,935.4585,970.7163811696654
b3c25,5.3C(54%)-4C-newstructure,989.0,"534~1,074",-4.146126232959254,0.0043402999999999,안,안,1113.1688490790077,12.554989795652954,12.554989795652954,872.0994782173105,947.55817,965.397147366908
b3c26,5.6C(19%)-4.6C-newstructure,1028.0,"534~1,074",-4.219072902127027,0.0037909,아래,안,1232.6478745977486,19.907380797446358,19.907380797446358,872.0994782173105,947.55817,1010.946073701185
b3c27,5.6C(36%)-4.3C-newstructure,850.0,"534~1,074",-4.12969779916042,0.0040355,안,안,1116.923242542133,31.402734416721533,31.402734416721533,872.0994782173105,947.55817,955.4255036994398
b3c28,3.7C(31%)-5.9C-newstructure,541.0,"534~1,074",-3.4512233812429836,0.0008316999999999,안,아래,721.1494810420547,33.29934954566631,33.29934954566631,666.9872496948791,673.6188,622.261750753285
b3c29,5.9C(15%)-4.6C-newstructure,858.0,"534~1,074",-4.06314158842719,0.0048319999999999,안,안,999.4173406877438,16.482207539364083,16.482207539364083,872.0994782173105,935.4585,916.0704353491143
b3c3,5.6C(36%)-4.3C-newstructure,1115.0,">1,074",-4.116173258607179,0.002645,안,아래,1201.25071851366,7.7354904496556145,7.7354904496556145,872.0994782173105,947.55817,947.2937948393438
b3c30,5.3C(54%)-4C-newstructure,935.0,"534~1,074",-4.099791035006636,0.0036004999999998,안,안,1115.5447719591195,19.309601279050217,19.309601279050217,872.0994782173105,947.55817,937.5365219782996
b3c31,5.9C(60%)-3.1C-newstructure,731.0,"534~1,074",-3.839168513661697,0.0034605,안,안,881.8632957989621,20.63793376182792,20.63793376182792,872.0994782173105,824.4166,795.1591057133722
b3c33,5C(67%)-4C-newstructure,1284.0,">1,074",-4.395463821299672,0.0026443999999998,아래,아래,1559.7348094063366,21.47467362977699,21.47467362977699,872.0994782173105,947.55817,1130.1673235313046
b3c34,5.3C(54%)-4C-newstructure,1158.0,">1,074",-4.305224992817558,0.0027430999999999,아래,아래,1424.876777987863,23.04635388496227,23.04635388496227,872.0994782173105,947.55817,1067.516302655153
b3c35,5.6C(19%)-4.6C-newstructure,1093.0,">1,074",-4.234423777950546,0.0020493999999999,아래,아래,1391.6794454140202,27.326573230925906,27.326573230925906,872.0994782173105,947.55817,1020.8017578929697
b3c36,5.6C(36%)-4.3C-newstructure,923.0,"534~1,074",-4.253023408907191,0.0030760999999999,아래,아래,1329.5251405839183,44.04389388774847,44.04389388774847,872.0994782173105,947.55817,1032.8720564881814
b3c37,4.8C(80%)-4.8C-newstructure,1390.0,">1,074",-5.0984213376234795,0.0121008,아래,위,1683.2785535802866,21.09917651656738,21.09917651656738,872.0994782173105,786.22125,1762.326812265035
b3c38,5C(67%)-4C-newstructure,1935.0,">1,074",-4.341618532018267,0.0025093,아래,아래,1495.5212775600335,-22.712078679068036,22.712078679068036,872.0994782173105,947.55817,1092.3545039494293
b3c39,5.3C(54%)-4C-newstructure,1156.0,">1,074",-4.454200564792302,0.004107,아래,안,1506.1709627434477,30.291605773654645,30.291605773654645,872.0994782173105,947.55817,1172.909400735712
b3c4,5.6C(19%)-4.6C-newstructure,1048.0,"534~1,074",-4.178031161375803,0.0027884999999998,아래,아래,1261.5982570426552,20.381513076589233,20.381513076589233,872.0994782173105,947.55817,985.0609225554807
b3c40,5.6C(19%)-4.6C-newstructure,796.0,"534~1,074",-4.294673763163302,0.00451,아래,안,1265.7507973978031,59.013919271080795,59.013919271080795,872.0994782173105,947.55817,1060.4213811684447
b3c41,5.6C(36%)-4.3C-newstructure,786.0,"534~1,074",-4.219074858982626,0.0043619000000001,아래,안,1190.1569382840712,51.419457796955626,51.419457796955626,872.0994782173105,947.55817,1010.9473239724656
b3c42,4.8C(80%)-4.8C-newstructure,1642.0,">1,074",-4.345760173287821,0.0030687,아래,아래,1450.6016252905913,-11.65641746098713,11.65641746098713,872.0994782173105,947.55817,1095.2175070045587
b3c43,5C(67%)-4C-newstructure,1046.0,"534~1,074",-4.3163135082513255,0.0031487999999999,아래,안,1404.2828736205167,34.25266478207617,34.25266478207617,872.0994782173105,947.55817,1075.0236720098071
b3c44,5.3C(54%)-4C-newstructure,940.0,"534~1,074",-4.131061010602478,0.0041849,안,안,1108.1294610464395,17.886112877280794,17.886112877280794,872.0994782173105,947.55817,956.2490051465356
b3c45,4.8C(80%)-4.8C-newstructure,1801.0,">1,074",-4.520416288811736,0.0025961999999999,아래,아래,1758.2136052183635,-2.3757020978143557,2.3757020978143557,872.0994782173105,947.55817,1223.0352519496228
b3c5,5.6C(36%)-4.3C-newstructure,828.0,"534~1,074",-4.113989462952569,0.0026052,안,아래,1201.7355909869004,45.13714866991551,45.13714866991551,872.0994782173105,947.55817,945.9872803089482
b3c6,3.7C(31%)-5.9C-newstructure,667.0,"534~1,074",-3.525273681171474,0.0004592000000001,안,아래,790.7356029219201,18.551064905835094,18.551064905835094,666.9872496948791,673.6188,652.0756807194994
b3c7,4.8C(80%)-4.8C-newstructure,1836.0,">1,074",-4.48830767619389,0.0033971999999999,아래,안,1624.284008334531,-11.531372095069111,11.531372095069111,872.0994782173105,947.55817,1198.4667491373439
b3c8,5C(67%)-4C-newstructure,828.0,"534~1,074",-4.091369245668356,0.0039781999999999,안,안,1081.4080024344096,30.604831211885212,30.604831211885212,872.0994782173105,947.55817,932.5596723768595
b3c9,5.3C(54%)-4C-newstructure,1039.0,"534~1,074",-3.98186244123407,0.0038880999999999,안,안,981.5904247537934,-5.525464412531916,5.525464412531916,872.0994782173105,898.2545,870.2015214888087
